-- Mundial FIFA 2026 — schema + datos iniciales
-- Ejecutá este archivo en Supabase → SQL Editor → Run

-- ========== SCHEMA ==========
create table if not exists public.countries (
  code text primary key,
  name_es text not null,
  name_en text
);

create table if not exists public.teams (
  id serial primary key,
  country_code text not null references public.countries(code),
  name text unique not null,
  group_letter text check (group_letter between 'A' and 'L')
);

create table if not exists public.matches (
  id integer primary key check (id between 1 and 104),
  match_date date not null,
  date_label text not null,
  time_et text,
  home_label text not null,
  away_label text not null,
  home_team_id integer references public.teams(id),
  away_team_id integer references public.teams(id),
  group_letter text check (group_letter is null or group_letter between 'A' and 'L'),
  stage text not null,
  venue text not null
);

create table if not exists public.match_results (
  match_id integer primary key references public.matches(id) on delete cascade,
  home_score integer not null check (home_score >= 0),
  away_score integer not null check (away_score >= 0),
  updated_at timestamptz not null default now()
);

create index if not exists idx_teams_group on public.teams(group_letter);
create index if not exists idx_matches_date on public.matches(match_date);
create index if not exists idx_matches_stage on public.matches(stage);

alter table public.countries enable row level security;
alter table public.teams enable row level security;
alter table public.matches enable row level security;
alter table public.match_results enable row level security;

drop policy if exists "countries_select" on public.countries;
create policy "countries_select" on public.countries for select using (true);

drop policy if exists "teams_select" on public.teams;
create policy "teams_select" on public.teams for select using (true);

drop policy if exists "matches_select" on public.matches;
create policy "matches_select" on public.matches for select using (true);

drop policy if exists "Lectura pública de resultados" on public.match_results;
drop policy if exists "Insertar resultados" on public.match_results;
drop policy if exists "Actualizar resultados" on public.match_results;
drop policy if exists "Borrar resultados" on public.match_results;

create policy "results_select" on public.match_results for select using (true);
create policy "results_insert" on public.match_results for insert with check (true);
create policy "results_update" on public.match_results for update using (true);
create policy "results_delete" on public.match_results for delete using (true);

-- ========== DATOS ==========
truncate public.match_results, public.matches, public.teams, public.countries cascade;

insert into public.countries (code, name_es) values ('de', 'Alemania') on conflict (code) do update set name_es = excluded.name_es;
insert into public.countries (code, name_es) values ('sa', 'Arabia Saudí') on conflict (code) do update set name_es = excluded.name_es;
insert into public.countries (code, name_es) values ('dz', 'Argelia') on conflict (code) do update set name_es = excluded.name_es;
insert into public.countries (code, name_es) values ('ar', 'Argentina') on conflict (code) do update set name_es = excluded.name_es;
insert into public.countries (code, name_es) values ('au', 'Australia') on conflict (code) do update set name_es = excluded.name_es;
insert into public.countries (code, name_es) values ('at', 'Austria') on conflict (code) do update set name_es = excluded.name_es;
insert into public.countries (code, name_es) values ('be', 'Bélgica') on conflict (code) do update set name_es = excluded.name_es;
insert into public.countries (code, name_es) values ('ba', 'Bosnia y Herzegovina') on conflict (code) do update set name_es = excluded.name_es;
insert into public.countries (code, name_es) values ('br', 'Brasil') on conflict (code) do update set name_es = excluded.name_es;
insert into public.countries (code, name_es) values ('cv', 'Cabo Verde') on conflict (code) do update set name_es = excluded.name_es;
insert into public.countries (code, name_es) values ('ca', 'Canadá') on conflict (code) do update set name_es = excluded.name_es;
insert into public.countries (code, name_es) values ('qa', 'Catar') on conflict (code) do update set name_es = excluded.name_es;
insert into public.countries (code, name_es) values ('co', 'Colombia') on conflict (code) do update set name_es = excluded.name_es;
insert into public.countries (code, name_es) values ('ci', 'Costa de Marfil') on conflict (code) do update set name_es = excluded.name_es;
insert into public.countries (code, name_es) values ('hr', 'Croacia') on conflict (code) do update set name_es = excluded.name_es;
insert into public.countries (code, name_es) values ('cw', 'Curazao') on conflict (code) do update set name_es = excluded.name_es;
insert into public.countries (code, name_es) values ('ec', 'Ecuador') on conflict (code) do update set name_es = excluded.name_es;
insert into public.countries (code, name_es) values ('eg', 'Egipto') on conflict (code) do update set name_es = excluded.name_es;
insert into public.countries (code, name_es) values ('gb-sct', 'Escocia') on conflict (code) do update set name_es = excluded.name_es;
insert into public.countries (code, name_es) values ('es', 'España') on conflict (code) do update set name_es = excluded.name_es;
insert into public.countries (code, name_es) values ('us', 'Estados Unidos') on conflict (code) do update set name_es = excluded.name_es;
insert into public.countries (code, name_es) values ('fr', 'Francia') on conflict (code) do update set name_es = excluded.name_es;
insert into public.countries (code, name_es) values ('gh', 'Ghana') on conflict (code) do update set name_es = excluded.name_es;
insert into public.countries (code, name_es) values ('ht', 'Haití') on conflict (code) do update set name_es = excluded.name_es;
insert into public.countries (code, name_es) values ('gb-eng', 'Inglaterra') on conflict (code) do update set name_es = excluded.name_es;
insert into public.countries (code, name_es) values ('iq', 'Irak') on conflict (code) do update set name_es = excluded.name_es;
insert into public.countries (code, name_es) values ('jp', 'Japón') on conflict (code) do update set name_es = excluded.name_es;
insert into public.countries (code, name_es) values ('jo', 'Jordania') on conflict (code) do update set name_es = excluded.name_es;
insert into public.countries (code, name_es) values ('ma', 'Marruecos') on conflict (code) do update set name_es = excluded.name_es;
insert into public.countries (code, name_es) values ('mx', 'México') on conflict (code) do update set name_es = excluded.name_es;
insert into public.countries (code, name_es) values ('no', 'Noruega') on conflict (code) do update set name_es = excluded.name_es;
insert into public.countries (code, name_es) values ('nz', 'Nueva Zelanda') on conflict (code) do update set name_es = excluded.name_es;
insert into public.countries (code, name_es) values ('nl', 'Países Bajos') on conflict (code) do update set name_es = excluded.name_es;
insert into public.countries (code, name_es) values ('pa', 'Panamá') on conflict (code) do update set name_es = excluded.name_es;
insert into public.countries (code, name_es) values ('py', 'Paraguay') on conflict (code) do update set name_es = excluded.name_es;
insert into public.countries (code, name_es) values ('pt', 'Portugal') on conflict (code) do update set name_es = excluded.name_es;
insert into public.countries (code, name_es) values ('cd', 'RD Congo') on conflict (code) do update set name_es = excluded.name_es;
insert into public.countries (code, name_es) values ('kr', 'Rep. de Corea') on conflict (code) do update set name_es = excluded.name_es;
insert into public.countries (code, name_es) values ('cz', 'República Checa') on conflict (code) do update set name_es = excluded.name_es;
insert into public.countries (code, name_es) values ('ir', 'RI de Irán') on conflict (code) do update set name_es = excluded.name_es;
insert into public.countries (code, name_es) values ('sn', 'Senegal') on conflict (code) do update set name_es = excluded.name_es;
insert into public.countries (code, name_es) values ('za', 'Sudáfrica') on conflict (code) do update set name_es = excluded.name_es;
insert into public.countries (code, name_es) values ('se', 'Suecia') on conflict (code) do update set name_es = excluded.name_es;
insert into public.countries (code, name_es) values ('ch', 'Suiza') on conflict (code) do update set name_es = excluded.name_es;
insert into public.countries (code, name_es) values ('tn', 'Túnez') on conflict (code) do update set name_es = excluded.name_es;
insert into public.countries (code, name_es) values ('tr', 'Turquía') on conflict (code) do update set name_es = excluded.name_es;
insert into public.countries (code, name_es) values ('uy', 'Uruguay') on conflict (code) do update set name_es = excluded.name_es;
insert into public.countries (code, name_es) values ('uz', 'Uzbekistán') on conflict (code) do update set name_es = excluded.name_es;

insert into public.teams (country_code, name, group_letter) values ('de', 'Alemania', 'E') on conflict (name) do update set country_code = excluded.country_code, group_letter = excluded.group_letter;
insert into public.teams (country_code, name, group_letter) values ('sa', 'Arabia Saudí', 'H') on conflict (name) do update set country_code = excluded.country_code, group_letter = excluded.group_letter;
insert into public.teams (country_code, name, group_letter) values ('dz', 'Argelia', 'J') on conflict (name) do update set country_code = excluded.country_code, group_letter = excluded.group_letter;
insert into public.teams (country_code, name, group_letter) values ('ar', 'Argentina', 'J') on conflict (name) do update set country_code = excluded.country_code, group_letter = excluded.group_letter;
insert into public.teams (country_code, name, group_letter) values ('au', 'Australia', 'D') on conflict (name) do update set country_code = excluded.country_code, group_letter = excluded.group_letter;
insert into public.teams (country_code, name, group_letter) values ('at', 'Austria', 'J') on conflict (name) do update set country_code = excluded.country_code, group_letter = excluded.group_letter;
insert into public.teams (country_code, name, group_letter) values ('be', 'Bélgica', 'G') on conflict (name) do update set country_code = excluded.country_code, group_letter = excluded.group_letter;
insert into public.teams (country_code, name, group_letter) values ('ba', 'Bosnia y Herzegovina', 'B') on conflict (name) do update set country_code = excluded.country_code, group_letter = excluded.group_letter;
insert into public.teams (country_code, name, group_letter) values ('br', 'Brasil', 'C') on conflict (name) do update set country_code = excluded.country_code, group_letter = excluded.group_letter;
insert into public.teams (country_code, name, group_letter) values ('cv', 'Cabo Verde', 'H') on conflict (name) do update set country_code = excluded.country_code, group_letter = excluded.group_letter;
insert into public.teams (country_code, name, group_letter) values ('ca', 'Canadá', 'B') on conflict (name) do update set country_code = excluded.country_code, group_letter = excluded.group_letter;
insert into public.teams (country_code, name, group_letter) values ('qa', 'Catar', 'B') on conflict (name) do update set country_code = excluded.country_code, group_letter = excluded.group_letter;
insert into public.teams (country_code, name, group_letter) values ('co', 'Colombia', 'K') on conflict (name) do update set country_code = excluded.country_code, group_letter = excluded.group_letter;
insert into public.teams (country_code, name, group_letter) values ('ci', 'Costa de Marfil', 'E') on conflict (name) do update set country_code = excluded.country_code, group_letter = excluded.group_letter;
insert into public.teams (country_code, name, group_letter) values ('hr', 'Croacia', 'L') on conflict (name) do update set country_code = excluded.country_code, group_letter = excluded.group_letter;
insert into public.teams (country_code, name, group_letter) values ('cw', 'Curazao', 'E') on conflict (name) do update set country_code = excluded.country_code, group_letter = excluded.group_letter;
insert into public.teams (country_code, name, group_letter) values ('ec', 'Ecuador', 'E') on conflict (name) do update set country_code = excluded.country_code, group_letter = excluded.group_letter;
insert into public.teams (country_code, name, group_letter) values ('eg', 'Egipto', 'G') on conflict (name) do update set country_code = excluded.country_code, group_letter = excluded.group_letter;
insert into public.teams (country_code, name, group_letter) values ('gb-sct', 'Escocia', 'C') on conflict (name) do update set country_code = excluded.country_code, group_letter = excluded.group_letter;
insert into public.teams (country_code, name, group_letter) values ('es', 'España', 'H') on conflict (name) do update set country_code = excluded.country_code, group_letter = excluded.group_letter;
insert into public.teams (country_code, name, group_letter) values ('us', 'Estados Unidos', 'D') on conflict (name) do update set country_code = excluded.country_code, group_letter = excluded.group_letter;
insert into public.teams (country_code, name, group_letter) values ('fr', 'Francia', 'I') on conflict (name) do update set country_code = excluded.country_code, group_letter = excluded.group_letter;
insert into public.teams (country_code, name, group_letter) values ('gh', 'Ghana', 'L') on conflict (name) do update set country_code = excluded.country_code, group_letter = excluded.group_letter;
insert into public.teams (country_code, name, group_letter) values ('ht', 'Haití', 'C') on conflict (name) do update set country_code = excluded.country_code, group_letter = excluded.group_letter;
insert into public.teams (country_code, name, group_letter) values ('gb-eng', 'Inglaterra', 'L') on conflict (name) do update set country_code = excluded.country_code, group_letter = excluded.group_letter;
insert into public.teams (country_code, name, group_letter) values ('iq', 'Irak', 'I') on conflict (name) do update set country_code = excluded.country_code, group_letter = excluded.group_letter;
insert into public.teams (country_code, name, group_letter) values ('jp', 'Japón', 'F') on conflict (name) do update set country_code = excluded.country_code, group_letter = excluded.group_letter;
insert into public.teams (country_code, name, group_letter) values ('jo', 'Jordania', 'J') on conflict (name) do update set country_code = excluded.country_code, group_letter = excluded.group_letter;
insert into public.teams (country_code, name, group_letter) values ('ma', 'Marruecos', 'C') on conflict (name) do update set country_code = excluded.country_code, group_letter = excluded.group_letter;
insert into public.teams (country_code, name, group_letter) values ('mx', 'México', 'A') on conflict (name) do update set country_code = excluded.country_code, group_letter = excluded.group_letter;
insert into public.teams (country_code, name, group_letter) values ('no', 'Noruega', 'I') on conflict (name) do update set country_code = excluded.country_code, group_letter = excluded.group_letter;
insert into public.teams (country_code, name, group_letter) values ('nz', 'Nueva Zelanda', 'G') on conflict (name) do update set country_code = excluded.country_code, group_letter = excluded.group_letter;
insert into public.teams (country_code, name, group_letter) values ('nl', 'Países Bajos', 'F') on conflict (name) do update set country_code = excluded.country_code, group_letter = excluded.group_letter;
insert into public.teams (country_code, name, group_letter) values ('pa', 'Panamá', 'L') on conflict (name) do update set country_code = excluded.country_code, group_letter = excluded.group_letter;
insert into public.teams (country_code, name, group_letter) values ('py', 'Paraguay', 'D') on conflict (name) do update set country_code = excluded.country_code, group_letter = excluded.group_letter;
insert into public.teams (country_code, name, group_letter) values ('pt', 'Portugal', 'K') on conflict (name) do update set country_code = excluded.country_code, group_letter = excluded.group_letter;
insert into public.teams (country_code, name, group_letter) values ('cd', 'RD Congo', 'K') on conflict (name) do update set country_code = excluded.country_code, group_letter = excluded.group_letter;
insert into public.teams (country_code, name, group_letter) values ('kr', 'Rep. de Corea', 'A') on conflict (name) do update set country_code = excluded.country_code, group_letter = excluded.group_letter;
insert into public.teams (country_code, name, group_letter) values ('cz', 'República Checa', 'A') on conflict (name) do update set country_code = excluded.country_code, group_letter = excluded.group_letter;
insert into public.teams (country_code, name, group_letter) values ('ir', 'RI de Irán', 'G') on conflict (name) do update set country_code = excluded.country_code, group_letter = excluded.group_letter;
insert into public.teams (country_code, name, group_letter) values ('sn', 'Senegal', 'I') on conflict (name) do update set country_code = excluded.country_code, group_letter = excluded.group_letter;
insert into public.teams (country_code, name, group_letter) values ('za', 'Sudáfrica', 'A') on conflict (name) do update set country_code = excluded.country_code, group_letter = excluded.group_letter;
insert into public.teams (country_code, name, group_letter) values ('se', 'Suecia', 'F') on conflict (name) do update set country_code = excluded.country_code, group_letter = excluded.group_letter;
insert into public.teams (country_code, name, group_letter) values ('ch', 'Suiza', 'B') on conflict (name) do update set country_code = excluded.country_code, group_letter = excluded.group_letter;
insert into public.teams (country_code, name, group_letter) values ('tn', 'Túnez', 'F') on conflict (name) do update set country_code = excluded.country_code, group_letter = excluded.group_letter;
insert into public.teams (country_code, name, group_letter) values ('tr', 'Turquía', 'D') on conflict (name) do update set country_code = excluded.country_code, group_letter = excluded.group_letter;
insert into public.teams (country_code, name, group_letter) values ('uy', 'Uruguay', 'H') on conflict (name) do update set country_code = excluded.country_code, group_letter = excluded.group_letter;
insert into public.teams (country_code, name, group_letter) values ('uz', 'Uzbekistán', 'K') on conflict (name) do update set country_code = excluded.country_code, group_letter = excluded.group_letter;

-- Partidos (104)
insert into public.matches (id, match_date, date_label, time_et, home_label, away_label, home_team_id, away_team_id, group_letter, stage, venue) values (1, '2026-06-11', 'Jueves 11 jun', '15:00', 'México', 'Sudáfrica', (select id from public.teams where name = 'México'), (select id from public.teams where name = 'Sudáfrica'), 'A', 'group', 'Estadio Ciudad de México') on conflict (id) do update set match_date = excluded.match_date, date_label = excluded.date_label, time_et = excluded.time_et, home_label = excluded.home_label, away_label = excluded.away_label, home_team_id = excluded.home_team_id, away_team_id = excluded.away_team_id, group_letter = excluded.group_letter, stage = excluded.stage, venue = excluded.venue;
insert into public.matches (id, match_date, date_label, time_et, home_label, away_label, home_team_id, away_team_id, group_letter, stage, venue) values (2, '2026-06-11', 'Jueves 11 jun', '22:00', 'Rep. de Corea', 'República Checa', (select id from public.teams where name = 'Rep. de Corea'), (select id from public.teams where name = 'República Checa'), 'A', 'group', 'Estadio Guadalajara') on conflict (id) do update set match_date = excluded.match_date, date_label = excluded.date_label, time_et = excluded.time_et, home_label = excluded.home_label, away_label = excluded.away_label, home_team_id = excluded.home_team_id, away_team_id = excluded.away_team_id, group_letter = excluded.group_letter, stage = excluded.stage, venue = excluded.venue;
insert into public.matches (id, match_date, date_label, time_et, home_label, away_label, home_team_id, away_team_id, group_letter, stage, venue) values (3, '2026-06-12', 'Viernes 12 jun', '15:00', 'Canadá', 'Bosnia y Herzegovina', (select id from public.teams where name = 'Canadá'), (select id from public.teams where name = 'Bosnia y Herzegovina'), 'B', 'group', 'Estadio Toronto') on conflict (id) do update set match_date = excluded.match_date, date_label = excluded.date_label, time_et = excluded.time_et, home_label = excluded.home_label, away_label = excluded.away_label, home_team_id = excluded.home_team_id, away_team_id = excluded.away_team_id, group_letter = excluded.group_letter, stage = excluded.stage, venue = excluded.venue;
insert into public.matches (id, match_date, date_label, time_et, home_label, away_label, home_team_id, away_team_id, group_letter, stage, venue) values (4, '2026-06-12', 'Viernes 12 jun', '21:00', 'Estados Unidos', 'Paraguay', (select id from public.teams where name = 'Estados Unidos'), (select id from public.teams where name = 'Paraguay'), 'D', 'group', 'Estadio Los Ángeles') on conflict (id) do update set match_date = excluded.match_date, date_label = excluded.date_label, time_et = excluded.time_et, home_label = excluded.home_label, away_label = excluded.away_label, home_team_id = excluded.home_team_id, away_team_id = excluded.away_team_id, group_letter = excluded.group_letter, stage = excluded.stage, venue = excluded.venue;
insert into public.matches (id, match_date, date_label, time_et, home_label, away_label, home_team_id, away_team_id, group_letter, stage, venue) values (5, '2026-06-13', 'Sábado 13 jun', '15:00', 'Catar', 'Suiza', (select id from public.teams where name = 'Catar'), (select id from public.teams where name = 'Suiza'), 'B', 'group', 'Estadio Bahía de San Francisco') on conflict (id) do update set match_date = excluded.match_date, date_label = excluded.date_label, time_et = excluded.time_et, home_label = excluded.home_label, away_label = excluded.away_label, home_team_id = excluded.home_team_id, away_team_id = excluded.away_team_id, group_letter = excluded.group_letter, stage = excluded.stage, venue = excluded.venue;
insert into public.matches (id, match_date, date_label, time_et, home_label, away_label, home_team_id, away_team_id, group_letter, stage, venue) values (6, '2026-06-13', 'Sábado 13 jun', '18:00', 'Brasil', 'Marruecos', (select id from public.teams where name = 'Brasil'), (select id from public.teams where name = 'Marruecos'), 'C', 'group', 'Estadio Nueva York Nueva Jersey') on conflict (id) do update set match_date = excluded.match_date, date_label = excluded.date_label, time_et = excluded.time_et, home_label = excluded.home_label, away_label = excluded.away_label, home_team_id = excluded.home_team_id, away_team_id = excluded.away_team_id, group_letter = excluded.group_letter, stage = excluded.stage, venue = excluded.venue;
insert into public.matches (id, match_date, date_label, time_et, home_label, away_label, home_team_id, away_team_id, group_letter, stage, venue) values (7, '2026-06-13', 'Sábado 13 jun', '21:00', 'Haití', 'Escocia', (select id from public.teams where name = 'Haití'), (select id from public.teams where name = 'Escocia'), 'C', 'group', 'Estadio Boston') on conflict (id) do update set match_date = excluded.match_date, date_label = excluded.date_label, time_et = excluded.time_et, home_label = excluded.home_label, away_label = excluded.away_label, home_team_id = excluded.home_team_id, away_team_id = excluded.away_team_id, group_letter = excluded.group_letter, stage = excluded.stage, venue = excluded.venue;
insert into public.matches (id, match_date, date_label, time_et, home_label, away_label, home_team_id, away_team_id, group_letter, stage, venue) values (8, '2026-06-14', 'Domingo 14 jun', '00:00', 'Australia', 'Turquía', (select id from public.teams where name = 'Australia'), (select id from public.teams where name = 'Turquía'), 'D', 'group', 'Estadio BC Place Vancouver') on conflict (id) do update set match_date = excluded.match_date, date_label = excluded.date_label, time_et = excluded.time_et, home_label = excluded.home_label, away_label = excluded.away_label, home_team_id = excluded.home_team_id, away_team_id = excluded.away_team_id, group_letter = excluded.group_letter, stage = excluded.stage, venue = excluded.venue;
insert into public.matches (id, match_date, date_label, time_et, home_label, away_label, home_team_id, away_team_id, group_letter, stage, venue) values (9, '2026-06-14', 'Domingo 14 jun', '13:00', 'Alemania', 'Curazao', (select id from public.teams where name = 'Alemania'), (select id from public.teams where name = 'Curazao'), 'E', 'group', 'Estadio Houston') on conflict (id) do update set match_date = excluded.match_date, date_label = excluded.date_label, time_et = excluded.time_et, home_label = excluded.home_label, away_label = excluded.away_label, home_team_id = excluded.home_team_id, away_team_id = excluded.away_team_id, group_letter = excluded.group_letter, stage = excluded.stage, venue = excluded.venue;
insert into public.matches (id, match_date, date_label, time_et, home_label, away_label, home_team_id, away_team_id, group_letter, stage, venue) values (10, '2026-06-14', 'Domingo 14 jun', '16:00', 'Países Bajos', 'Japón', (select id from public.teams where name = 'Países Bajos'), (select id from public.teams where name = 'Japón'), 'F', 'group', 'Estadio Dallas') on conflict (id) do update set match_date = excluded.match_date, date_label = excluded.date_label, time_et = excluded.time_et, home_label = excluded.home_label, away_label = excluded.away_label, home_team_id = excluded.home_team_id, away_team_id = excluded.away_team_id, group_letter = excluded.group_letter, stage = excluded.stage, venue = excluded.venue;
insert into public.matches (id, match_date, date_label, time_et, home_label, away_label, home_team_id, away_team_id, group_letter, stage, venue) values (11, '2026-06-14', 'Domingo 14 jun', '19:00', 'Costa de Marfil', 'Ecuador', (select id from public.teams where name = 'Costa de Marfil'), (select id from public.teams where name = 'Ecuador'), 'E', 'group', 'Estadio Filadelfia') on conflict (id) do update set match_date = excluded.match_date, date_label = excluded.date_label, time_et = excluded.time_et, home_label = excluded.home_label, away_label = excluded.away_label, home_team_id = excluded.home_team_id, away_team_id = excluded.away_team_id, group_letter = excluded.group_letter, stage = excluded.stage, venue = excluded.venue;
insert into public.matches (id, match_date, date_label, time_et, home_label, away_label, home_team_id, away_team_id, group_letter, stage, venue) values (12, '2026-06-14', 'Domingo 14 jun', '22:00', 'Suecia', 'Túnez', (select id from public.teams where name = 'Suecia'), (select id from public.teams where name = 'Túnez'), 'F', 'group', 'Estadio Monterrey') on conflict (id) do update set match_date = excluded.match_date, date_label = excluded.date_label, time_et = excluded.time_et, home_label = excluded.home_label, away_label = excluded.away_label, home_team_id = excluded.home_team_id, away_team_id = excluded.away_team_id, group_letter = excluded.group_letter, stage = excluded.stage, venue = excluded.venue;
insert into public.matches (id, match_date, date_label, time_et, home_label, away_label, home_team_id, away_team_id, group_letter, stage, venue) values (13, '2026-06-15', 'Lunes 15 jun', '12:00', 'España', 'Cabo Verde', (select id from public.teams where name = 'España'), (select id from public.teams where name = 'Cabo Verde'), 'H', 'group', 'Estadio Atlanta') on conflict (id) do update set match_date = excluded.match_date, date_label = excluded.date_label, time_et = excluded.time_et, home_label = excluded.home_label, away_label = excluded.away_label, home_team_id = excluded.home_team_id, away_team_id = excluded.away_team_id, group_letter = excluded.group_letter, stage = excluded.stage, venue = excluded.venue;
insert into public.matches (id, match_date, date_label, time_et, home_label, away_label, home_team_id, away_team_id, group_letter, stage, venue) values (14, '2026-06-15', 'Lunes 15 jun', '15:00', 'Bélgica', 'Egipto', (select id from public.teams where name = 'Bélgica'), (select id from public.teams where name = 'Egipto'), 'G', 'group', 'Estadio Seattle') on conflict (id) do update set match_date = excluded.match_date, date_label = excluded.date_label, time_et = excluded.time_et, home_label = excluded.home_label, away_label = excluded.away_label, home_team_id = excluded.home_team_id, away_team_id = excluded.away_team_id, group_letter = excluded.group_letter, stage = excluded.stage, venue = excluded.venue;
insert into public.matches (id, match_date, date_label, time_et, home_label, away_label, home_team_id, away_team_id, group_letter, stage, venue) values (15, '2026-06-15', 'Lunes 15 jun', '18:00', 'Arabia Saudí', 'Uruguay', (select id from public.teams where name = 'Arabia Saudí'), (select id from public.teams where name = 'Uruguay'), 'H', 'group', 'Estadio Miami') on conflict (id) do update set match_date = excluded.match_date, date_label = excluded.date_label, time_et = excluded.time_et, home_label = excluded.home_label, away_label = excluded.away_label, home_team_id = excluded.home_team_id, away_team_id = excluded.away_team_id, group_letter = excluded.group_letter, stage = excluded.stage, venue = excluded.venue;
insert into public.matches (id, match_date, date_label, time_et, home_label, away_label, home_team_id, away_team_id, group_letter, stage, venue) values (16, '2026-06-15', 'Lunes 15 jun', '21:00', 'RI de Irán', 'Nueva Zelanda', (select id from public.teams where name = 'RI de Irán'), (select id from public.teams where name = 'Nueva Zelanda'), 'G', 'group', 'Estadio Los Ángeles') on conflict (id) do update set match_date = excluded.match_date, date_label = excluded.date_label, time_et = excluded.time_et, home_label = excluded.home_label, away_label = excluded.away_label, home_team_id = excluded.home_team_id, away_team_id = excluded.away_team_id, group_letter = excluded.group_letter, stage = excluded.stage, venue = excluded.venue;
insert into public.matches (id, match_date, date_label, time_et, home_label, away_label, home_team_id, away_team_id, group_letter, stage, venue) values (17, '2026-06-16', 'Martes 16 jun', '15:00', 'Francia', 'Senegal', (select id from public.teams where name = 'Francia'), (select id from public.teams where name = 'Senegal'), 'I', 'group', 'Estadio Nueva York Nueva Jersey') on conflict (id) do update set match_date = excluded.match_date, date_label = excluded.date_label, time_et = excluded.time_et, home_label = excluded.home_label, away_label = excluded.away_label, home_team_id = excluded.home_team_id, away_team_id = excluded.away_team_id, group_letter = excluded.group_letter, stage = excluded.stage, venue = excluded.venue;
insert into public.matches (id, match_date, date_label, time_et, home_label, away_label, home_team_id, away_team_id, group_letter, stage, venue) values (18, '2026-06-16', 'Martes 16 jun', '18:00', 'Irak', 'Noruega', (select id from public.teams where name = 'Irak'), (select id from public.teams where name = 'Noruega'), 'I', 'group', 'Estadio Boston') on conflict (id) do update set match_date = excluded.match_date, date_label = excluded.date_label, time_et = excluded.time_et, home_label = excluded.home_label, away_label = excluded.away_label, home_team_id = excluded.home_team_id, away_team_id = excluded.away_team_id, group_letter = excluded.group_letter, stage = excluded.stage, venue = excluded.venue;
insert into public.matches (id, match_date, date_label, time_et, home_label, away_label, home_team_id, away_team_id, group_letter, stage, venue) values (19, '2026-06-16', 'Martes 16 jun', '21:00', 'Argentina', 'Argelia', (select id from public.teams where name = 'Argentina'), (select id from public.teams where name = 'Argelia'), 'J', 'group', 'Estadio Kansas City') on conflict (id) do update set match_date = excluded.match_date, date_label = excluded.date_label, time_et = excluded.time_et, home_label = excluded.home_label, away_label = excluded.away_label, home_team_id = excluded.home_team_id, away_team_id = excluded.away_team_id, group_letter = excluded.group_letter, stage = excluded.stage, venue = excluded.venue;
insert into public.matches (id, match_date, date_label, time_et, home_label, away_label, home_team_id, away_team_id, group_letter, stage, venue) values (20, '2026-06-17', 'Miércoles 17 jun', '00:00', 'Austria', 'Jordania', (select id from public.teams where name = 'Austria'), (select id from public.teams where name = 'Jordania'), 'J', 'group', 'Estadio Bahía de San Francisco') on conflict (id) do update set match_date = excluded.match_date, date_label = excluded.date_label, time_et = excluded.time_et, home_label = excluded.home_label, away_label = excluded.away_label, home_team_id = excluded.home_team_id, away_team_id = excluded.away_team_id, group_letter = excluded.group_letter, stage = excluded.stage, venue = excluded.venue;
insert into public.matches (id, match_date, date_label, time_et, home_label, away_label, home_team_id, away_team_id, group_letter, stage, venue) values (21, '2026-06-17', 'Miércoles 17 jun', '13:00', 'Portugal', 'RD Congo', (select id from public.teams where name = 'Portugal'), (select id from public.teams where name = 'RD Congo'), 'K', 'group', 'Estadio Houston') on conflict (id) do update set match_date = excluded.match_date, date_label = excluded.date_label, time_et = excluded.time_et, home_label = excluded.home_label, away_label = excluded.away_label, home_team_id = excluded.home_team_id, away_team_id = excluded.away_team_id, group_letter = excluded.group_letter, stage = excluded.stage, venue = excluded.venue;
insert into public.matches (id, match_date, date_label, time_et, home_label, away_label, home_team_id, away_team_id, group_letter, stage, venue) values (22, '2026-06-17', 'Miércoles 17 jun', '16:00', 'Inglaterra', 'Croacia', (select id from public.teams where name = 'Inglaterra'), (select id from public.teams where name = 'Croacia'), 'L', 'group', 'Estadio Dallas') on conflict (id) do update set match_date = excluded.match_date, date_label = excluded.date_label, time_et = excluded.time_et, home_label = excluded.home_label, away_label = excluded.away_label, home_team_id = excluded.home_team_id, away_team_id = excluded.away_team_id, group_letter = excluded.group_letter, stage = excluded.stage, venue = excluded.venue;
insert into public.matches (id, match_date, date_label, time_et, home_label, away_label, home_team_id, away_team_id, group_letter, stage, venue) values (23, '2026-06-17', 'Miércoles 17 jun', '19:00', 'Ghana', 'Panamá', (select id from public.teams where name = 'Ghana'), (select id from public.teams where name = 'Panamá'), 'L', 'group', 'Estadio Toronto') on conflict (id) do update set match_date = excluded.match_date, date_label = excluded.date_label, time_et = excluded.time_et, home_label = excluded.home_label, away_label = excluded.away_label, home_team_id = excluded.home_team_id, away_team_id = excluded.away_team_id, group_letter = excluded.group_letter, stage = excluded.stage, venue = excluded.venue;
insert into public.matches (id, match_date, date_label, time_et, home_label, away_label, home_team_id, away_team_id, group_letter, stage, venue) values (24, '2026-06-17', 'Miércoles 17 jun', '22:00', 'Uzbekistán', 'Colombia', (select id from public.teams where name = 'Uzbekistán'), (select id from public.teams where name = 'Colombia'), 'K', 'group', 'Estadio Ciudad de México') on conflict (id) do update set match_date = excluded.match_date, date_label = excluded.date_label, time_et = excluded.time_et, home_label = excluded.home_label, away_label = excluded.away_label, home_team_id = excluded.home_team_id, away_team_id = excluded.away_team_id, group_letter = excluded.group_letter, stage = excluded.stage, venue = excluded.venue;
insert into public.matches (id, match_date, date_label, time_et, home_label, away_label, home_team_id, away_team_id, group_letter, stage, venue) values (25, '2026-06-18', 'Jueves 18 jun', '12:00', 'República Checa', 'Sudáfrica', (select id from public.teams where name = 'República Checa'), (select id from public.teams where name = 'Sudáfrica'), 'A', 'group', 'Estadio Atlanta') on conflict (id) do update set match_date = excluded.match_date, date_label = excluded.date_label, time_et = excluded.time_et, home_label = excluded.home_label, away_label = excluded.away_label, home_team_id = excluded.home_team_id, away_team_id = excluded.away_team_id, group_letter = excluded.group_letter, stage = excluded.stage, venue = excluded.venue;
insert into public.matches (id, match_date, date_label, time_et, home_label, away_label, home_team_id, away_team_id, group_letter, stage, venue) values (26, '2026-06-18', 'Jueves 18 jun', '15:00', 'Suiza', 'Bosnia y Herzegovina', (select id from public.teams where name = 'Suiza'), (select id from public.teams where name = 'Bosnia y Herzegovina'), 'B', 'group', 'Estadio Los Ángeles') on conflict (id) do update set match_date = excluded.match_date, date_label = excluded.date_label, time_et = excluded.time_et, home_label = excluded.home_label, away_label = excluded.away_label, home_team_id = excluded.home_team_id, away_team_id = excluded.away_team_id, group_letter = excluded.group_letter, stage = excluded.stage, venue = excluded.venue;
insert into public.matches (id, match_date, date_label, time_et, home_label, away_label, home_team_id, away_team_id, group_letter, stage, venue) values (27, '2026-06-18', 'Jueves 18 jun', '18:00', 'Canadá', 'Catar', (select id from public.teams where name = 'Canadá'), (select id from public.teams where name = 'Catar'), 'B', 'group', 'Estadio BC Place Vancouver') on conflict (id) do update set match_date = excluded.match_date, date_label = excluded.date_label, time_et = excluded.time_et, home_label = excluded.home_label, away_label = excluded.away_label, home_team_id = excluded.home_team_id, away_team_id = excluded.away_team_id, group_letter = excluded.group_letter, stage = excluded.stage, venue = excluded.venue;
insert into public.matches (id, match_date, date_label, time_et, home_label, away_label, home_team_id, away_team_id, group_letter, stage, venue) values (28, '2026-06-18', 'Jueves 18 jun', '21:00', 'México', 'Rep. de Corea', (select id from public.teams where name = 'México'), (select id from public.teams where name = 'Rep. de Corea'), 'A', 'group', 'Estadio Guadalajara') on conflict (id) do update set match_date = excluded.match_date, date_label = excluded.date_label, time_et = excluded.time_et, home_label = excluded.home_label, away_label = excluded.away_label, home_team_id = excluded.home_team_id, away_team_id = excluded.away_team_id, group_letter = excluded.group_letter, stage = excluded.stage, venue = excluded.venue;
insert into public.matches (id, match_date, date_label, time_et, home_label, away_label, home_team_id, away_team_id, group_letter, stage, venue) values (29, '2026-06-19', 'Viernes 19 jun', '15:00', 'Estados Unidos', 'Australia', (select id from public.teams where name = 'Estados Unidos'), (select id from public.teams where name = 'Australia'), 'D', 'group', 'Estadio Seattle') on conflict (id) do update set match_date = excluded.match_date, date_label = excluded.date_label, time_et = excluded.time_et, home_label = excluded.home_label, away_label = excluded.away_label, home_team_id = excluded.home_team_id, away_team_id = excluded.away_team_id, group_letter = excluded.group_letter, stage = excluded.stage, venue = excluded.venue;
insert into public.matches (id, match_date, date_label, time_et, home_label, away_label, home_team_id, away_team_id, group_letter, stage, venue) values (30, '2026-06-19', 'Viernes 19 jun', '18:00', 'Escocia', 'Marruecos', (select id from public.teams where name = 'Escocia'), (select id from public.teams where name = 'Marruecos'), 'C', 'group', 'Estadio Boston') on conflict (id) do update set match_date = excluded.match_date, date_label = excluded.date_label, time_et = excluded.time_et, home_label = excluded.home_label, away_label = excluded.away_label, home_team_id = excluded.home_team_id, away_team_id = excluded.away_team_id, group_letter = excluded.group_letter, stage = excluded.stage, venue = excluded.venue;
insert into public.matches (id, match_date, date_label, time_et, home_label, away_label, home_team_id, away_team_id, group_letter, stage, venue) values (31, '2026-06-19', 'Viernes 19 jun', '21:00', 'Brasil', 'Haití', (select id from public.teams where name = 'Brasil'), (select id from public.teams where name = 'Haití'), 'C', 'group', 'Estadio Filadelfia') on conflict (id) do update set match_date = excluded.match_date, date_label = excluded.date_label, time_et = excluded.time_et, home_label = excluded.home_label, away_label = excluded.away_label, home_team_id = excluded.home_team_id, away_team_id = excluded.away_team_id, group_letter = excluded.group_letter, stage = excluded.stage, venue = excluded.venue;
insert into public.matches (id, match_date, date_label, time_et, home_label, away_label, home_team_id, away_team_id, group_letter, stage, venue) values (32, '2026-06-20', 'Sábado 20 jun', '00:00', 'Turquía', 'Paraguay', (select id from public.teams where name = 'Turquía'), (select id from public.teams where name = 'Paraguay'), 'D', 'group', 'Estadio Bahía de San Francisco') on conflict (id) do update set match_date = excluded.match_date, date_label = excluded.date_label, time_et = excluded.time_et, home_label = excluded.home_label, away_label = excluded.away_label, home_team_id = excluded.home_team_id, away_team_id = excluded.away_team_id, group_letter = excluded.group_letter, stage = excluded.stage, venue = excluded.venue;
insert into public.matches (id, match_date, date_label, time_et, home_label, away_label, home_team_id, away_team_id, group_letter, stage, venue) values (33, '2026-06-20', 'Sábado 20 jun', '13:00', 'Países Bajos', 'Suecia', (select id from public.teams where name = 'Países Bajos'), (select id from public.teams where name = 'Suecia'), 'F', 'group', 'Estadio Houston') on conflict (id) do update set match_date = excluded.match_date, date_label = excluded.date_label, time_et = excluded.time_et, home_label = excluded.home_label, away_label = excluded.away_label, home_team_id = excluded.home_team_id, away_team_id = excluded.away_team_id, group_letter = excluded.group_letter, stage = excluded.stage, venue = excluded.venue;
insert into public.matches (id, match_date, date_label, time_et, home_label, away_label, home_team_id, away_team_id, group_letter, stage, venue) values (34, '2026-06-20', 'Sábado 20 jun', '16:00', 'Alemania', 'Costa de Marfil', (select id from public.teams where name = 'Alemania'), (select id from public.teams where name = 'Costa de Marfil'), 'E', 'group', 'Estadio Toronto') on conflict (id) do update set match_date = excluded.match_date, date_label = excluded.date_label, time_et = excluded.time_et, home_label = excluded.home_label, away_label = excluded.away_label, home_team_id = excluded.home_team_id, away_team_id = excluded.away_team_id, group_letter = excluded.group_letter, stage = excluded.stage, venue = excluded.venue;
insert into public.matches (id, match_date, date_label, time_et, home_label, away_label, home_team_id, away_team_id, group_letter, stage, venue) values (35, '2026-06-20', 'Sábado 20 jun', '22:00', 'Ecuador', 'Curazao', (select id from public.teams where name = 'Ecuador'), (select id from public.teams where name = 'Curazao'), 'E', 'group', 'Estadio Kansas City') on conflict (id) do update set match_date = excluded.match_date, date_label = excluded.date_label, time_et = excluded.time_et, home_label = excluded.home_label, away_label = excluded.away_label, home_team_id = excluded.home_team_id, away_team_id = excluded.away_team_id, group_letter = excluded.group_letter, stage = excluded.stage, venue = excluded.venue;
insert into public.matches (id, match_date, date_label, time_et, home_label, away_label, home_team_id, away_team_id, group_letter, stage, venue) values (36, '2026-06-21', 'Domingo 21 jun', '00:00', 'Túnez', 'Japón', (select id from public.teams where name = 'Túnez'), (select id from public.teams where name = 'Japón'), 'F', 'group', 'Estadio Monterrey') on conflict (id) do update set match_date = excluded.match_date, date_label = excluded.date_label, time_et = excluded.time_et, home_label = excluded.home_label, away_label = excluded.away_label, home_team_id = excluded.home_team_id, away_team_id = excluded.away_team_id, group_letter = excluded.group_letter, stage = excluded.stage, venue = excluded.venue;
insert into public.matches (id, match_date, date_label, time_et, home_label, away_label, home_team_id, away_team_id, group_letter, stage, venue) values (37, '2026-06-21', 'Domingo 21 jun', '12:00', 'España', 'Arabia Saudí', (select id from public.teams where name = 'España'), (select id from public.teams where name = 'Arabia Saudí'), 'H', 'group', 'Estadio Atlanta') on conflict (id) do update set match_date = excluded.match_date, date_label = excluded.date_label, time_et = excluded.time_et, home_label = excluded.home_label, away_label = excluded.away_label, home_team_id = excluded.home_team_id, away_team_id = excluded.away_team_id, group_letter = excluded.group_letter, stage = excluded.stage, venue = excluded.venue;
insert into public.matches (id, match_date, date_label, time_et, home_label, away_label, home_team_id, away_team_id, group_letter, stage, venue) values (38, '2026-06-21', 'Domingo 21 jun', '15:00', 'Bélgica', 'RI de Irán', (select id from public.teams where name = 'Bélgica'), (select id from public.teams where name = 'RI de Irán'), 'G', 'group', 'Estadio Los Ángeles') on conflict (id) do update set match_date = excluded.match_date, date_label = excluded.date_label, time_et = excluded.time_et, home_label = excluded.home_label, away_label = excluded.away_label, home_team_id = excluded.home_team_id, away_team_id = excluded.away_team_id, group_letter = excluded.group_letter, stage = excluded.stage, venue = excluded.venue;
insert into public.matches (id, match_date, date_label, time_et, home_label, away_label, home_team_id, away_team_id, group_letter, stage, venue) values (39, '2026-06-21', 'Domingo 21 jun', '18:00', 'Uruguay', 'Cabo Verde', (select id from public.teams where name = 'Uruguay'), (select id from public.teams where name = 'Cabo Verde'), 'H', 'group', 'Estadio Miami') on conflict (id) do update set match_date = excluded.match_date, date_label = excluded.date_label, time_et = excluded.time_et, home_label = excluded.home_label, away_label = excluded.away_label, home_team_id = excluded.home_team_id, away_team_id = excluded.away_team_id, group_letter = excluded.group_letter, stage = excluded.stage, venue = excluded.venue;
insert into public.matches (id, match_date, date_label, time_et, home_label, away_label, home_team_id, away_team_id, group_letter, stage, venue) values (40, '2026-06-21', 'Domingo 21 jun', '21:00', 'Nueva Zelanda', 'Egipto', (select id from public.teams where name = 'Nueva Zelanda'), (select id from public.teams where name = 'Egipto'), 'G', 'group', 'Estadio BC Place Vancouver') on conflict (id) do update set match_date = excluded.match_date, date_label = excluded.date_label, time_et = excluded.time_et, home_label = excluded.home_label, away_label = excluded.away_label, home_team_id = excluded.home_team_id, away_team_id = excluded.away_team_id, group_letter = excluded.group_letter, stage = excluded.stage, venue = excluded.venue;
insert into public.matches (id, match_date, date_label, time_et, home_label, away_label, home_team_id, away_team_id, group_letter, stage, venue) values (41, '2026-06-22', 'Lunes 22 jun', '13:00', 'Argentina', 'Austria', (select id from public.teams where name = 'Argentina'), (select id from public.teams where name = 'Austria'), 'J', 'group', 'Estadio Dallas') on conflict (id) do update set match_date = excluded.match_date, date_label = excluded.date_label, time_et = excluded.time_et, home_label = excluded.home_label, away_label = excluded.away_label, home_team_id = excluded.home_team_id, away_team_id = excluded.away_team_id, group_letter = excluded.group_letter, stage = excluded.stage, venue = excluded.venue;
insert into public.matches (id, match_date, date_label, time_et, home_label, away_label, home_team_id, away_team_id, group_letter, stage, venue) values (42, '2026-06-22', 'Lunes 22 jun', '17:00', 'Francia', 'Irak', (select id from public.teams where name = 'Francia'), (select id from public.teams where name = 'Irak'), 'I', 'group', 'Estadio Filadelfia') on conflict (id) do update set match_date = excluded.match_date, date_label = excluded.date_label, time_et = excluded.time_et, home_label = excluded.home_label, away_label = excluded.away_label, home_team_id = excluded.home_team_id, away_team_id = excluded.away_team_id, group_letter = excluded.group_letter, stage = excluded.stage, venue = excluded.venue;
insert into public.matches (id, match_date, date_label, time_et, home_label, away_label, home_team_id, away_team_id, group_letter, stage, venue) values (43, '2026-06-22', 'Lunes 22 jun', '20:00', 'Noruega', 'Senegal', (select id from public.teams where name = 'Noruega'), (select id from public.teams where name = 'Senegal'), 'I', 'group', 'Estadio Nueva York Nueva Jersey') on conflict (id) do update set match_date = excluded.match_date, date_label = excluded.date_label, time_et = excluded.time_et, home_label = excluded.home_label, away_label = excluded.away_label, home_team_id = excluded.home_team_id, away_team_id = excluded.away_team_id, group_letter = excluded.group_letter, stage = excluded.stage, venue = excluded.venue;
insert into public.matches (id, match_date, date_label, time_et, home_label, away_label, home_team_id, away_team_id, group_letter, stage, venue) values (44, '2026-06-23', 'Martes 23 jun', '23:00', 'Jordania', 'Argelia', (select id from public.teams where name = 'Jordania'), (select id from public.teams where name = 'Argelia'), 'J', 'group', 'Estadio Bahía de San Francisco') on conflict (id) do update set match_date = excluded.match_date, date_label = excluded.date_label, time_et = excluded.time_et, home_label = excluded.home_label, away_label = excluded.away_label, home_team_id = excluded.home_team_id, away_team_id = excluded.away_team_id, group_letter = excluded.group_letter, stage = excluded.stage, venue = excluded.venue;
insert into public.matches (id, match_date, date_label, time_et, home_label, away_label, home_team_id, away_team_id, group_letter, stage, venue) values (45, '2026-06-23', 'Martes 23 jun', '13:00', 'Portugal', 'Uzbekistán', (select id from public.teams where name = 'Portugal'), (select id from public.teams where name = 'Uzbekistán'), 'K', 'group', 'Estadio Houston') on conflict (id) do update set match_date = excluded.match_date, date_label = excluded.date_label, time_et = excluded.time_et, home_label = excluded.home_label, away_label = excluded.away_label, home_team_id = excluded.home_team_id, away_team_id = excluded.away_team_id, group_letter = excluded.group_letter, stage = excluded.stage, venue = excluded.venue;
insert into public.matches (id, match_date, date_label, time_et, home_label, away_label, home_team_id, away_team_id, group_letter, stage, venue) values (46, '2026-06-23', 'Martes 23 jun', '16:00', 'Inglaterra', 'Ghana', (select id from public.teams where name = 'Inglaterra'), (select id from public.teams where name = 'Ghana'), 'L', 'group', 'Estadio Boston') on conflict (id) do update set match_date = excluded.match_date, date_label = excluded.date_label, time_et = excluded.time_et, home_label = excluded.home_label, away_label = excluded.away_label, home_team_id = excluded.home_team_id, away_team_id = excluded.away_team_id, group_letter = excluded.group_letter, stage = excluded.stage, venue = excluded.venue;
insert into public.matches (id, match_date, date_label, time_et, home_label, away_label, home_team_id, away_team_id, group_letter, stage, venue) values (47, '2026-06-23', 'Martes 23 jun', '19:00', 'Panamá', 'Croacia', (select id from public.teams where name = 'Panamá'), (select id from public.teams where name = 'Croacia'), 'L', 'group', 'Estadio Toronto') on conflict (id) do update set match_date = excluded.match_date, date_label = excluded.date_label, time_et = excluded.time_et, home_label = excluded.home_label, away_label = excluded.away_label, home_team_id = excluded.home_team_id, away_team_id = excluded.away_team_id, group_letter = excluded.group_letter, stage = excluded.stage, venue = excluded.venue;
insert into public.matches (id, match_date, date_label, time_et, home_label, away_label, home_team_id, away_team_id, group_letter, stage, venue) values (48, '2026-06-23', 'Martes 23 jun', '22:00', 'Colombia', 'RD Congo', (select id from public.teams where name = 'Colombia'), (select id from public.teams where name = 'RD Congo'), 'K', 'group', 'Estadio Guadalajara') on conflict (id) do update set match_date = excluded.match_date, date_label = excluded.date_label, time_et = excluded.time_et, home_label = excluded.home_label, away_label = excluded.away_label, home_team_id = excluded.home_team_id, away_team_id = excluded.away_team_id, group_letter = excluded.group_letter, stage = excluded.stage, venue = excluded.venue;
insert into public.matches (id, match_date, date_label, time_et, home_label, away_label, home_team_id, away_team_id, group_letter, stage, venue) values (49, '2026-06-24', 'Miércoles 24 jun', '15:00', 'Suiza', 'Canadá', (select id from public.teams where name = 'Suiza'), (select id from public.teams where name = 'Canadá'), 'B', 'group', 'Estadio BC Place Vancouver') on conflict (id) do update set match_date = excluded.match_date, date_label = excluded.date_label, time_et = excluded.time_et, home_label = excluded.home_label, away_label = excluded.away_label, home_team_id = excluded.home_team_id, away_team_id = excluded.away_team_id, group_letter = excluded.group_letter, stage = excluded.stage, venue = excluded.venue;
insert into public.matches (id, match_date, date_label, time_et, home_label, away_label, home_team_id, away_team_id, group_letter, stage, venue) values (50, '2026-06-24', 'Miércoles 24 jun', '15:00', 'Bosnia y Herzegovina', 'Catar', (select id from public.teams where name = 'Bosnia y Herzegovina'), (select id from public.teams where name = 'Catar'), 'B', 'group', 'Estadio Seattle') on conflict (id) do update set match_date = excluded.match_date, date_label = excluded.date_label, time_et = excluded.time_et, home_label = excluded.home_label, away_label = excluded.away_label, home_team_id = excluded.home_team_id, away_team_id = excluded.away_team_id, group_letter = excluded.group_letter, stage = excluded.stage, venue = excluded.venue;
insert into public.matches (id, match_date, date_label, time_et, home_label, away_label, home_team_id, away_team_id, group_letter, stage, venue) values (51, '2026-06-24', 'Miércoles 24 jun', '18:00', 'Escocia', 'Brasil', (select id from public.teams where name = 'Escocia'), (select id from public.teams where name = 'Brasil'), 'C', 'group', 'Estadio Miami') on conflict (id) do update set match_date = excluded.match_date, date_label = excluded.date_label, time_et = excluded.time_et, home_label = excluded.home_label, away_label = excluded.away_label, home_team_id = excluded.home_team_id, away_team_id = excluded.away_team_id, group_letter = excluded.group_letter, stage = excluded.stage, venue = excluded.venue;
insert into public.matches (id, match_date, date_label, time_et, home_label, away_label, home_team_id, away_team_id, group_letter, stage, venue) values (52, '2026-06-24', 'Miércoles 24 jun', '18:00', 'Marruecos', 'Haití', (select id from public.teams where name = 'Marruecos'), (select id from public.teams where name = 'Haití'), 'C', 'group', 'Estadio Atlanta') on conflict (id) do update set match_date = excluded.match_date, date_label = excluded.date_label, time_et = excluded.time_et, home_label = excluded.home_label, away_label = excluded.away_label, home_team_id = excluded.home_team_id, away_team_id = excluded.away_team_id, group_letter = excluded.group_letter, stage = excluded.stage, venue = excluded.venue;
insert into public.matches (id, match_date, date_label, time_et, home_label, away_label, home_team_id, away_team_id, group_letter, stage, venue) values (53, '2026-06-24', 'Miércoles 24 jun', '21:00', 'República Checa', 'México', (select id from public.teams where name = 'República Checa'), (select id from public.teams where name = 'México'), 'A', 'group', 'Estadio Ciudad de México') on conflict (id) do update set match_date = excluded.match_date, date_label = excluded.date_label, time_et = excluded.time_et, home_label = excluded.home_label, away_label = excluded.away_label, home_team_id = excluded.home_team_id, away_team_id = excluded.away_team_id, group_letter = excluded.group_letter, stage = excluded.stage, venue = excluded.venue;
insert into public.matches (id, match_date, date_label, time_et, home_label, away_label, home_team_id, away_team_id, group_letter, stage, venue) values (54, '2026-06-24', 'Miércoles 24 jun', '21:00', 'Sudáfrica', 'Rep. de Corea', (select id from public.teams where name = 'Sudáfrica'), (select id from public.teams where name = 'Rep. de Corea'), 'A', 'group', 'Estadio Monterrey') on conflict (id) do update set match_date = excluded.match_date, date_label = excluded.date_label, time_et = excluded.time_et, home_label = excluded.home_label, away_label = excluded.away_label, home_team_id = excluded.home_team_id, away_team_id = excluded.away_team_id, group_letter = excluded.group_letter, stage = excluded.stage, venue = excluded.venue;
insert into public.matches (id, match_date, date_label, time_et, home_label, away_label, home_team_id, away_team_id, group_letter, stage, venue) values (55, '2026-06-25', 'Jueves 25 jun', '16:00', 'Curazao', 'Costa de Marfil', (select id from public.teams where name = 'Curazao'), (select id from public.teams where name = 'Costa de Marfil'), 'E', 'group', 'Estadio Filadelfia') on conflict (id) do update set match_date = excluded.match_date, date_label = excluded.date_label, time_et = excluded.time_et, home_label = excluded.home_label, away_label = excluded.away_label, home_team_id = excluded.home_team_id, away_team_id = excluded.away_team_id, group_letter = excluded.group_letter, stage = excluded.stage, venue = excluded.venue;
insert into public.matches (id, match_date, date_label, time_et, home_label, away_label, home_team_id, away_team_id, group_letter, stage, venue) values (56, '2026-06-25', 'Jueves 25 jun', '16:00', 'Ecuador', 'Alemania', (select id from public.teams where name = 'Ecuador'), (select id from public.teams where name = 'Alemania'), 'E', 'group', 'Estadio Nueva York Nueva Jersey') on conflict (id) do update set match_date = excluded.match_date, date_label = excluded.date_label, time_et = excluded.time_et, home_label = excluded.home_label, away_label = excluded.away_label, home_team_id = excluded.home_team_id, away_team_id = excluded.away_team_id, group_letter = excluded.group_letter, stage = excluded.stage, venue = excluded.venue;
insert into public.matches (id, match_date, date_label, time_et, home_label, away_label, home_team_id, away_team_id, group_letter, stage, venue) values (57, '2026-06-25', 'Jueves 25 jun', '19:00', 'Japón', 'Suecia', (select id from public.teams where name = 'Japón'), (select id from public.teams where name = 'Suecia'), 'F', 'group', 'Estadio Dallas') on conflict (id) do update set match_date = excluded.match_date, date_label = excluded.date_label, time_et = excluded.time_et, home_label = excluded.home_label, away_label = excluded.away_label, home_team_id = excluded.home_team_id, away_team_id = excluded.away_team_id, group_letter = excluded.group_letter, stage = excluded.stage, venue = excluded.venue;
insert into public.matches (id, match_date, date_label, time_et, home_label, away_label, home_team_id, away_team_id, group_letter, stage, venue) values (58, '2026-06-25', 'Jueves 25 jun', '19:00', 'Túnez', 'Países Bajos', (select id from public.teams where name = 'Túnez'), (select id from public.teams where name = 'Países Bajos'), 'F', 'group', 'Estadio Kansas City') on conflict (id) do update set match_date = excluded.match_date, date_label = excluded.date_label, time_et = excluded.time_et, home_label = excluded.home_label, away_label = excluded.away_label, home_team_id = excluded.home_team_id, away_team_id = excluded.away_team_id, group_letter = excluded.group_letter, stage = excluded.stage, venue = excluded.venue;
insert into public.matches (id, match_date, date_label, time_et, home_label, away_label, home_team_id, away_team_id, group_letter, stage, venue) values (59, '2026-06-25', 'Jueves 25 jun', '22:00', 'Turquía', 'Estados Unidos', (select id from public.teams where name = 'Turquía'), (select id from public.teams where name = 'Estados Unidos'), 'D', 'group', 'Estadio Los Ángeles') on conflict (id) do update set match_date = excluded.match_date, date_label = excluded.date_label, time_et = excluded.time_et, home_label = excluded.home_label, away_label = excluded.away_label, home_team_id = excluded.home_team_id, away_team_id = excluded.away_team_id, group_letter = excluded.group_letter, stage = excluded.stage, venue = excluded.venue;
insert into public.matches (id, match_date, date_label, time_et, home_label, away_label, home_team_id, away_team_id, group_letter, stage, venue) values (60, '2026-06-25', 'Jueves 25 jun', '22:00', 'Paraguay', 'Australia', (select id from public.teams where name = 'Paraguay'), (select id from public.teams where name = 'Australia'), 'D', 'group', 'Estadio Bahía de San Francisco') on conflict (id) do update set match_date = excluded.match_date, date_label = excluded.date_label, time_et = excluded.time_et, home_label = excluded.home_label, away_label = excluded.away_label, home_team_id = excluded.home_team_id, away_team_id = excluded.away_team_id, group_letter = excluded.group_letter, stage = excluded.stage, venue = excluded.venue;
insert into public.matches (id, match_date, date_label, time_et, home_label, away_label, home_team_id, away_team_id, group_letter, stage, venue) values (61, '2026-06-26', 'Viernes 26 jun', '15:00', 'Noruega', 'Francia', (select id from public.teams where name = 'Noruega'), (select id from public.teams where name = 'Francia'), 'I', 'group', 'Estadio Boston') on conflict (id) do update set match_date = excluded.match_date, date_label = excluded.date_label, time_et = excluded.time_et, home_label = excluded.home_label, away_label = excluded.away_label, home_team_id = excluded.home_team_id, away_team_id = excluded.away_team_id, group_letter = excluded.group_letter, stage = excluded.stage, venue = excluded.venue;
insert into public.matches (id, match_date, date_label, time_et, home_label, away_label, home_team_id, away_team_id, group_letter, stage, venue) values (62, '2026-06-26', 'Viernes 26 jun', '15:00', 'Senegal', 'Irak', (select id from public.teams where name = 'Senegal'), (select id from public.teams where name = 'Irak'), 'I', 'group', 'Estadio Toronto') on conflict (id) do update set match_date = excluded.match_date, date_label = excluded.date_label, time_et = excluded.time_et, home_label = excluded.home_label, away_label = excluded.away_label, home_team_id = excluded.home_team_id, away_team_id = excluded.away_team_id, group_letter = excluded.group_letter, stage = excluded.stage, venue = excluded.venue;
insert into public.matches (id, match_date, date_label, time_et, home_label, away_label, home_team_id, away_team_id, group_letter, stage, venue) values (63, '2026-06-26', 'Viernes 26 jun', '20:00', 'Cabo Verde', 'Arabia Saudí', (select id from public.teams where name = 'Cabo Verde'), (select id from public.teams where name = 'Arabia Saudí'), 'H', 'group', 'Estadio Houston') on conflict (id) do update set match_date = excluded.match_date, date_label = excluded.date_label, time_et = excluded.time_et, home_label = excluded.home_label, away_label = excluded.away_label, home_team_id = excluded.home_team_id, away_team_id = excluded.away_team_id, group_letter = excluded.group_letter, stage = excluded.stage, venue = excluded.venue;
insert into public.matches (id, match_date, date_label, time_et, home_label, away_label, home_team_id, away_team_id, group_letter, stage, venue) values (64, '2026-06-26', 'Viernes 26 jun', '20:00', 'Uruguay', 'España', (select id from public.teams where name = 'Uruguay'), (select id from public.teams where name = 'España'), 'H', 'group', 'Estadio Guadalajara') on conflict (id) do update set match_date = excluded.match_date, date_label = excluded.date_label, time_et = excluded.time_et, home_label = excluded.home_label, away_label = excluded.away_label, home_team_id = excluded.home_team_id, away_team_id = excluded.away_team_id, group_letter = excluded.group_letter, stage = excluded.stage, venue = excluded.venue;
insert into public.matches (id, match_date, date_label, time_et, home_label, away_label, home_team_id, away_team_id, group_letter, stage, venue) values (65, '2026-06-26', 'Viernes 26 jun', '23:00', 'Egipto', 'RI de Irán', (select id from public.teams where name = 'Egipto'), (select id from public.teams where name = 'RI de Irán'), 'G', 'group', 'Estadio Seattle') on conflict (id) do update set match_date = excluded.match_date, date_label = excluded.date_label, time_et = excluded.time_et, home_label = excluded.home_label, away_label = excluded.away_label, home_team_id = excluded.home_team_id, away_team_id = excluded.away_team_id, group_letter = excluded.group_letter, stage = excluded.stage, venue = excluded.venue;
insert into public.matches (id, match_date, date_label, time_et, home_label, away_label, home_team_id, away_team_id, group_letter, stage, venue) values (66, '2026-06-26', 'Viernes 26 jun', '23:00', 'Nueva Zelanda', 'Bélgica', (select id from public.teams where name = 'Nueva Zelanda'), (select id from public.teams where name = 'Bélgica'), 'G', 'group', 'Estadio BC Place Vancouver') on conflict (id) do update set match_date = excluded.match_date, date_label = excluded.date_label, time_et = excluded.time_et, home_label = excluded.home_label, away_label = excluded.away_label, home_team_id = excluded.home_team_id, away_team_id = excluded.away_team_id, group_letter = excluded.group_letter, stage = excluded.stage, venue = excluded.venue;
insert into public.matches (id, match_date, date_label, time_et, home_label, away_label, home_team_id, away_team_id, group_letter, stage, venue) values (67, '2026-06-27', 'Sábado 27 jun', '17:00', 'Panamá', 'Inglaterra', (select id from public.teams where name = 'Panamá'), (select id from public.teams where name = 'Inglaterra'), 'L', 'group', 'Estadio Nueva York Nueva Jersey') on conflict (id) do update set match_date = excluded.match_date, date_label = excluded.date_label, time_et = excluded.time_et, home_label = excluded.home_label, away_label = excluded.away_label, home_team_id = excluded.home_team_id, away_team_id = excluded.away_team_id, group_letter = excluded.group_letter, stage = excluded.stage, venue = excluded.venue;
insert into public.matches (id, match_date, date_label, time_et, home_label, away_label, home_team_id, away_team_id, group_letter, stage, venue) values (68, '2026-06-27', 'Sábado 27 jun', '17:00', 'Croacia', 'Ghana', (select id from public.teams where name = 'Croacia'), (select id from public.teams where name = 'Ghana'), 'L', 'group', 'Estadio Filadelfia') on conflict (id) do update set match_date = excluded.match_date, date_label = excluded.date_label, time_et = excluded.time_et, home_label = excluded.home_label, away_label = excluded.away_label, home_team_id = excluded.home_team_id, away_team_id = excluded.away_team_id, group_letter = excluded.group_letter, stage = excluded.stage, venue = excluded.venue;
insert into public.matches (id, match_date, date_label, time_et, home_label, away_label, home_team_id, away_team_id, group_letter, stage, venue) values (69, '2026-06-27', 'Sábado 27 jun', '19:30', 'Colombia', 'Portugal', (select id from public.teams where name = 'Colombia'), (select id from public.teams where name = 'Portugal'), 'K', 'group', 'Estadio Miami') on conflict (id) do update set match_date = excluded.match_date, date_label = excluded.date_label, time_et = excluded.time_et, home_label = excluded.home_label, away_label = excluded.away_label, home_team_id = excluded.home_team_id, away_team_id = excluded.away_team_id, group_letter = excluded.group_letter, stage = excluded.stage, venue = excluded.venue;
insert into public.matches (id, match_date, date_label, time_et, home_label, away_label, home_team_id, away_team_id, group_letter, stage, venue) values (70, '2026-06-27', 'Sábado 27 jun', '19:30', 'RD Congo', 'Uzbekistán', (select id from public.teams where name = 'RD Congo'), (select id from public.teams where name = 'Uzbekistán'), 'K', 'group', 'Estadio Atlanta') on conflict (id) do update set match_date = excluded.match_date, date_label = excluded.date_label, time_et = excluded.time_et, home_label = excluded.home_label, away_label = excluded.away_label, home_team_id = excluded.home_team_id, away_team_id = excluded.away_team_id, group_letter = excluded.group_letter, stage = excluded.stage, venue = excluded.venue;
insert into public.matches (id, match_date, date_label, time_et, home_label, away_label, home_team_id, away_team_id, group_letter, stage, venue) values (71, '2026-06-27', 'Sábado 27 jun', '22:00', 'Argelia', 'Austria', (select id from public.teams where name = 'Argelia'), (select id from public.teams where name = 'Austria'), 'J', 'group', 'Estadio Kansas City') on conflict (id) do update set match_date = excluded.match_date, date_label = excluded.date_label, time_et = excluded.time_et, home_label = excluded.home_label, away_label = excluded.away_label, home_team_id = excluded.home_team_id, away_team_id = excluded.away_team_id, group_letter = excluded.group_letter, stage = excluded.stage, venue = excluded.venue;
insert into public.matches (id, match_date, date_label, time_et, home_label, away_label, home_team_id, away_team_id, group_letter, stage, venue) values (72, '2026-06-27', 'Sábado 27 jun', '22:00', 'Jordania', 'Argentina', (select id from public.teams where name = 'Jordania'), (select id from public.teams where name = 'Argentina'), 'J', 'group', 'Estadio Dallas') on conflict (id) do update set match_date = excluded.match_date, date_label = excluded.date_label, time_et = excluded.time_et, home_label = excluded.home_label, away_label = excluded.away_label, home_team_id = excluded.home_team_id, away_team_id = excluded.away_team_id, group_letter = excluded.group_letter, stage = excluded.stage, venue = excluded.venue;
insert into public.matches (id, match_date, date_label, time_et, home_label, away_label, home_team_id, away_team_id, group_letter, stage, venue) values (73, '2026-06-28', 'Domingo 28 jun', '15:00', 'Sudáfrica', 'Canadá', (select id from public.teams where name = 'Sudáfrica'), (select id from public.teams where name = 'Canadá'), null, 'round32', 'Estadio Los Ángeles') on conflict (id) do update set match_date = excluded.match_date, date_label = excluded.date_label, time_et = excluded.time_et, home_label = excluded.home_label, away_label = excluded.away_label, home_team_id = excluded.home_team_id, away_team_id = excluded.away_team_id, group_letter = excluded.group_letter, stage = excluded.stage, venue = excluded.venue;
insert into public.matches (id, match_date, date_label, time_et, home_label, away_label, home_team_id, away_team_id, group_letter, stage, venue) values (74, '2026-06-29', 'Lunes 29 jun', '16:30', 'Alemania', 'Paraguay', (select id from public.teams where name = 'Alemania'), (select id from public.teams where name = 'Paraguay'), null, 'round32', 'Estadio Boston') on conflict (id) do update set match_date = excluded.match_date, date_label = excluded.date_label, time_et = excluded.time_et, home_label = excluded.home_label, away_label = excluded.away_label, home_team_id = excluded.home_team_id, away_team_id = excluded.away_team_id, group_letter = excluded.group_letter, stage = excluded.stage, venue = excluded.venue;
insert into public.matches (id, match_date, date_label, time_et, home_label, away_label, home_team_id, away_team_id, group_letter, stage, venue) values (75, '2026-06-29', 'Lunes 29 jun', '21:00', 'Países Bajos', 'Marruecos', (select id from public.teams where name = 'Países Bajos'), (select id from public.teams where name = 'Marruecos'), null, 'round32', 'Estadio Monterrey') on conflict (id) do update set match_date = excluded.match_date, date_label = excluded.date_label, time_et = excluded.time_et, home_label = excluded.home_label, away_label = excluded.away_label, home_team_id = excluded.home_team_id, away_team_id = excluded.away_team_id, group_letter = excluded.group_letter, stage = excluded.stage, venue = excluded.venue;
insert into public.matches (id, match_date, date_label, time_et, home_label, away_label, home_team_id, away_team_id, group_letter, stage, venue) values (76, '2026-06-29', 'Lunes 29 jun', '13:00', 'Brasil', 'Japón', (select id from public.teams where name = 'Brasil'), (select id from public.teams where name = 'Japón'), null, 'round32', 'Estadio Houston') on conflict (id) do update set match_date = excluded.match_date, date_label = excluded.date_label, time_et = excluded.time_et, home_label = excluded.home_label, away_label = excluded.away_label, home_team_id = excluded.home_team_id, away_team_id = excluded.away_team_id, group_letter = excluded.group_letter, stage = excluded.stage, venue = excluded.venue;
insert into public.matches (id, match_date, date_label, time_et, home_label, away_label, home_team_id, away_team_id, group_letter, stage, venue) values (77, '2026-06-30', 'Martes 30 jun', '17:00', 'Francia', 'Suecia', (select id from public.teams where name = 'Francia'), (select id from public.teams where name = 'Suecia'), null, 'round32', 'Estadio Nueva York Nueva Jersey') on conflict (id) do update set match_date = excluded.match_date, date_label = excluded.date_label, time_et = excluded.time_et, home_label = excluded.home_label, away_label = excluded.away_label, home_team_id = excluded.home_team_id, away_team_id = excluded.away_team_id, group_letter = excluded.group_letter, stage = excluded.stage, venue = excluded.venue;
insert into public.matches (id, match_date, date_label, time_et, home_label, away_label, home_team_id, away_team_id, group_letter, stage, venue) values (78, '2026-06-30', 'Martes 30 jun', '13:00', 'Costa de Marfil', 'Noruega', (select id from public.teams where name = 'Costa de Marfil'), (select id from public.teams where name = 'Noruega'), null, 'round32', 'Estadio Dallas') on conflict (id) do update set match_date = excluded.match_date, date_label = excluded.date_label, time_et = excluded.time_et, home_label = excluded.home_label, away_label = excluded.away_label, home_team_id = excluded.home_team_id, away_team_id = excluded.away_team_id, group_letter = excluded.group_letter, stage = excluded.stage, venue = excluded.venue;
insert into public.matches (id, match_date, date_label, time_et, home_label, away_label, home_team_id, away_team_id, group_letter, stage, venue) values (79, '2026-06-30', 'Martes 30 jun', '21:00', 'México', 'Ecuador', (select id from public.teams where name = 'México'), (select id from public.teams where name = 'Ecuador'), null, 'round32', 'Estadio Ciudad de México') on conflict (id) do update set match_date = excluded.match_date, date_label = excluded.date_label, time_et = excluded.time_et, home_label = excluded.home_label, away_label = excluded.away_label, home_team_id = excluded.home_team_id, away_team_id = excluded.away_team_id, group_letter = excluded.group_letter, stage = excluded.stage, venue = excluded.venue;
insert into public.matches (id, match_date, date_label, time_et, home_label, away_label, home_team_id, away_team_id, group_letter, stage, venue) values (80, '2026-07-01', 'Miércoles 1 jul', '12:00', 'Inglaterra', 'RD Congo', (select id from public.teams where name = 'Inglaterra'), (select id from public.teams where name = 'RD Congo'), null, 'round32', 'Estadio Atlanta') on conflict (id) do update set match_date = excluded.match_date, date_label = excluded.date_label, time_et = excluded.time_et, home_label = excluded.home_label, away_label = excluded.away_label, home_team_id = excluded.home_team_id, away_team_id = excluded.away_team_id, group_letter = excluded.group_letter, stage = excluded.stage, venue = excluded.venue;
insert into public.matches (id, match_date, date_label, time_et, home_label, away_label, home_team_id, away_team_id, group_letter, stage, venue) values (81, '2026-07-01', 'Miércoles 1 jul', '20:00', 'Estados Unidos', 'Bosnia y Herzegovina', (select id from public.teams where name = 'Estados Unidos'), (select id from public.teams where name = 'Bosnia y Herzegovina'), null, 'round32', 'Estadio Bahía de San Francisco') on conflict (id) do update set match_date = excluded.match_date, date_label = excluded.date_label, time_et = excluded.time_et, home_label = excluded.home_label, away_label = excluded.away_label, home_team_id = excluded.home_team_id, away_team_id = excluded.away_team_id, group_letter = excluded.group_letter, stage = excluded.stage, venue = excluded.venue;
insert into public.matches (id, match_date, date_label, time_et, home_label, away_label, home_team_id, away_team_id, group_letter, stage, venue) values (82, '2026-07-01', 'Miércoles 1 jul', '16:00', 'Bélgica', 'Senegal', (select id from public.teams where name = 'Bélgica'), (select id from public.teams where name = 'Senegal'), null, 'round32', 'Estadio Seattle') on conflict (id) do update set match_date = excluded.match_date, date_label = excluded.date_label, time_et = excluded.time_et, home_label = excluded.home_label, away_label = excluded.away_label, home_team_id = excluded.home_team_id, away_team_id = excluded.away_team_id, group_letter = excluded.group_letter, stage = excluded.stage, venue = excluded.venue;
insert into public.matches (id, match_date, date_label, time_et, home_label, away_label, home_team_id, away_team_id, group_letter, stage, venue) values (83, '2026-07-02', 'Jueves 2 jul', '19:00', 'Portugal', 'Croacia', (select id from public.teams where name = 'Portugal'), (select id from public.teams where name = 'Croacia'), null, 'round32', 'Estadio Toronto') on conflict (id) do update set match_date = excluded.match_date, date_label = excluded.date_label, time_et = excluded.time_et, home_label = excluded.home_label, away_label = excluded.away_label, home_team_id = excluded.home_team_id, away_team_id = excluded.away_team_id, group_letter = excluded.group_letter, stage = excluded.stage, venue = excluded.venue;
insert into public.matches (id, match_date, date_label, time_et, home_label, away_label, home_team_id, away_team_id, group_letter, stage, venue) values (84, '2026-07-02', 'Jueves 2 jul', '15:00', 'España', 'Austria', (select id from public.teams where name = 'España'), (select id from public.teams where name = 'Austria'), null, 'round32', 'Estadio Los Ángeles') on conflict (id) do update set match_date = excluded.match_date, date_label = excluded.date_label, time_et = excluded.time_et, home_label = excluded.home_label, away_label = excluded.away_label, home_team_id = excluded.home_team_id, away_team_id = excluded.away_team_id, group_letter = excluded.group_letter, stage = excluded.stage, venue = excluded.venue;
insert into public.matches (id, match_date, date_label, time_et, home_label, away_label, home_team_id, away_team_id, group_letter, stage, venue) values (85, '2026-07-02', 'Jueves 2 jul', '23:00', 'Suiza', 'Argelia', (select id from public.teams where name = 'Suiza'), (select id from public.teams where name = 'Argelia'), null, 'round32', 'Estadio BC Place Vancouver') on conflict (id) do update set match_date = excluded.match_date, date_label = excluded.date_label, time_et = excluded.time_et, home_label = excluded.home_label, away_label = excluded.away_label, home_team_id = excluded.home_team_id, away_team_id = excluded.away_team_id, group_letter = excluded.group_letter, stage = excluded.stage, venue = excluded.venue;
insert into public.matches (id, match_date, date_label, time_et, home_label, away_label, home_team_id, away_team_id, group_letter, stage, venue) values (86, '2026-07-03', 'Viernes 3 jul', '18:00', 'Argentina', 'Cabo Verde', (select id from public.teams where name = 'Argentina'), (select id from public.teams where name = 'Cabo Verde'), null, 'round32', 'Estadio Miami') on conflict (id) do update set match_date = excluded.match_date, date_label = excluded.date_label, time_et = excluded.time_et, home_label = excluded.home_label, away_label = excluded.away_label, home_team_id = excluded.home_team_id, away_team_id = excluded.away_team_id, group_letter = excluded.group_letter, stage = excluded.stage, venue = excluded.venue;
insert into public.matches (id, match_date, date_label, time_et, home_label, away_label, home_team_id, away_team_id, group_letter, stage, venue) values (87, '2026-07-03', 'Viernes 3 jul', '21:30', 'Colombia', 'Ghana', (select id from public.teams where name = 'Colombia'), (select id from public.teams where name = 'Ghana'), null, 'round32', 'Estadio Kansas City') on conflict (id) do update set match_date = excluded.match_date, date_label = excluded.date_label, time_et = excluded.time_et, home_label = excluded.home_label, away_label = excluded.away_label, home_team_id = excluded.home_team_id, away_team_id = excluded.away_team_id, group_letter = excluded.group_letter, stage = excluded.stage, venue = excluded.venue;
insert into public.matches (id, match_date, date_label, time_et, home_label, away_label, home_team_id, away_team_id, group_letter, stage, venue) values (88, '2026-07-03', 'Viernes 3 jul', '14:00', 'Australia', 'Egipto', (select id from public.teams where name = 'Australia'), (select id from public.teams where name = 'Egipto'), null, 'round32', 'Estadio Dallas') on conflict (id) do update set match_date = excluded.match_date, date_label = excluded.date_label, time_et = excluded.time_et, home_label = excluded.home_label, away_label = excluded.away_label, home_team_id = excluded.home_team_id, away_team_id = excluded.away_team_id, group_letter = excluded.group_letter, stage = excluded.stage, venue = excluded.venue;
insert into public.matches (id, match_date, date_label, time_et, home_label, away_label, home_team_id, away_team_id, group_letter, stage, venue) values (89, '2026-07-04', 'Sábado 4 jul', '20:00', 'Ganador P74', 'Ganador P77', null, null, null, 'round16', 'Estadio Filadelfia') on conflict (id) do update set match_date = excluded.match_date, date_label = excluded.date_label, time_et = excluded.time_et, home_label = excluded.home_label, away_label = excluded.away_label, home_team_id = excluded.home_team_id, away_team_id = excluded.away_team_id, group_letter = excluded.group_letter, stage = excluded.stage, venue = excluded.venue;
insert into public.matches (id, match_date, date_label, time_et, home_label, away_label, home_team_id, away_team_id, group_letter, stage, venue) values (90, '2026-07-04', 'Sábado 4 jul', '16:00', 'Ganador P73', 'Ganador P75', null, null, null, 'round16', 'Estadio Houston') on conflict (id) do update set match_date = excluded.match_date, date_label = excluded.date_label, time_et = excluded.time_et, home_label = excluded.home_label, away_label = excluded.away_label, home_team_id = excluded.home_team_id, away_team_id = excluded.away_team_id, group_letter = excluded.group_letter, stage = excluded.stage, venue = excluded.venue;
insert into public.matches (id, match_date, date_label, time_et, home_label, away_label, home_team_id, away_team_id, group_letter, stage, venue) values (91, '2026-07-05', 'Domingo 5 jul', '19:00', 'Ganador P76', 'Ganador P78', null, null, null, 'round16', 'Estadio Nueva York Nueva Jersey') on conflict (id) do update set match_date = excluded.match_date, date_label = excluded.date_label, time_et = excluded.time_et, home_label = excluded.home_label, away_label = excluded.away_label, home_team_id = excluded.home_team_id, away_team_id = excluded.away_team_id, group_letter = excluded.group_letter, stage = excluded.stage, venue = excluded.venue;
insert into public.matches (id, match_date, date_label, time_et, home_label, away_label, home_team_id, away_team_id, group_letter, stage, venue) values (92, '2026-07-05', 'Lunes 6 jul', '23:00', 'Ganador P79', 'Ganador P80', null, null, null, 'round16', 'Estadio Ciudad de México') on conflict (id) do update set match_date = excluded.match_date, date_label = excluded.date_label, time_et = excluded.time_et, home_label = excluded.home_label, away_label = excluded.away_label, home_team_id = excluded.home_team_id, away_team_id = excluded.away_team_id, group_letter = excluded.group_letter, stage = excluded.stage, venue = excluded.venue;
insert into public.matches (id, match_date, date_label, time_et, home_label, away_label, home_team_id, away_team_id, group_letter, stage, venue) values (93, '2026-07-06', 'Lunes 6 jul', '18:00', 'Ganador P83', 'Ganador P84', null, null, null, 'round16', 'Estadio Dallas') on conflict (id) do update set match_date = excluded.match_date, date_label = excluded.date_label, time_et = excluded.time_et, home_label = excluded.home_label, away_label = excluded.away_label, home_team_id = excluded.home_team_id, away_team_id = excluded.away_team_id, group_letter = excluded.group_letter, stage = excluded.stage, venue = excluded.venue;
insert into public.matches (id, match_date, date_label, time_et, home_label, away_label, home_team_id, away_team_id, group_letter, stage, venue) values (94, '2026-07-06', 'Martes 7 jul', '23:00', 'Ganador P81', 'Ganador P82', null, null, null, 'round16', 'Estadio Seattle') on conflict (id) do update set match_date = excluded.match_date, date_label = excluded.date_label, time_et = excluded.time_et, home_label = excluded.home_label, away_label = excluded.away_label, home_team_id = excluded.home_team_id, away_team_id = excluded.away_team_id, group_letter = excluded.group_letter, stage = excluded.stage, venue = excluded.venue;
insert into public.matches (id, match_date, date_label, time_et, home_label, away_label, home_team_id, away_team_id, group_letter, stage, venue) values (95, '2026-07-07', 'Martes 7 jul', '15:00', 'Ganador P86', 'Ganador P88', null, null, null, 'round16', 'Estadio Atlanta') on conflict (id) do update set match_date = excluded.match_date, date_label = excluded.date_label, time_et = excluded.time_et, home_label = excluded.home_label, away_label = excluded.away_label, home_team_id = excluded.home_team_id, away_team_id = excluded.away_team_id, group_letter = excluded.group_letter, stage = excluded.stage, venue = excluded.venue;
insert into public.matches (id, match_date, date_label, time_et, home_label, away_label, home_team_id, away_team_id, group_letter, stage, venue) values (96, '2026-07-07', 'Martes 7 jul', '19:00', 'Ganador P85', 'Ganador P87', null, null, null, 'round16', 'Estadio BC Place Vancouver') on conflict (id) do update set match_date = excluded.match_date, date_label = excluded.date_label, time_et = excluded.time_et, home_label = excluded.home_label, away_label = excluded.away_label, home_team_id = excluded.home_team_id, away_team_id = excluded.away_team_id, group_letter = excluded.group_letter, stage = excluded.stage, venue = excluded.venue;
insert into public.matches (id, match_date, date_label, time_et, home_label, away_label, home_team_id, away_team_id, group_letter, stage, venue) values (97, '2026-07-09', 'Jueves 9 jul', '19:00', 'Ganador P89', 'Ganador P90', null, null, null, 'quarter', 'Estadio Boston') on conflict (id) do update set match_date = excluded.match_date, date_label = excluded.date_label, time_et = excluded.time_et, home_label = excluded.home_label, away_label = excluded.away_label, home_team_id = excluded.home_team_id, away_team_id = excluded.away_team_id, group_letter = excluded.group_letter, stage = excluded.stage, venue = excluded.venue;
insert into public.matches (id, match_date, date_label, time_et, home_label, away_label, home_team_id, away_team_id, group_letter, stage, venue) values (98, '2026-07-10', 'Viernes 10 jul', '18:00', 'Ganador P93', 'Ganador P94', null, null, null, 'quarter', 'Estadio Los Ángeles') on conflict (id) do update set match_date = excluded.match_date, date_label = excluded.date_label, time_et = excluded.time_et, home_label = excluded.home_label, away_label = excluded.away_label, home_team_id = excluded.home_team_id, away_team_id = excluded.away_team_id, group_letter = excluded.group_letter, stage = excluded.stage, venue = excluded.venue;
insert into public.matches (id, match_date, date_label, time_et, home_label, away_label, home_team_id, away_team_id, group_letter, stage, venue) values (99, '2026-07-11', 'Sábado 11 jul', '20:00', 'Ganador P91', 'Ganador P92', null, null, null, 'quarter', 'Estadio Miami') on conflict (id) do update set match_date = excluded.match_date, date_label = excluded.date_label, time_et = excluded.time_et, home_label = excluded.home_label, away_label = excluded.away_label, home_team_id = excluded.home_team_id, away_team_id = excluded.away_team_id, group_letter = excluded.group_letter, stage = excluded.stage, venue = excluded.venue;
insert into public.matches (id, match_date, date_label, time_et, home_label, away_label, home_team_id, away_team_id, group_letter, stage, venue) values (100, '2026-07-12', 'Domingo 12 jul', '00:00', 'Ganador P95', 'Ganador P96', null, null, null, 'quarter', 'Estadio Kansas City') on conflict (id) do update set match_date = excluded.match_date, date_label = excluded.date_label, time_et = excluded.time_et, home_label = excluded.home_label, away_label = excluded.away_label, home_team_id = excluded.home_team_id, away_team_id = excluded.away_team_id, group_letter = excluded.group_letter, stage = excluded.stage, venue = excluded.venue;
insert into public.matches (id, match_date, date_label, time_et, home_label, away_label, home_team_id, away_team_id, group_letter, stage, venue) values (101, '2026-07-14', 'Martes 14 jul', '19:00', 'Ganador P97', 'Ganador P98', null, null, null, 'semi', 'Estadio Dallas') on conflict (id) do update set match_date = excluded.match_date, date_label = excluded.date_label, time_et = excluded.time_et, home_label = excluded.home_label, away_label = excluded.away_label, home_team_id = excluded.home_team_id, away_team_id = excluded.away_team_id, group_letter = excluded.group_letter, stage = excluded.stage, venue = excluded.venue;
insert into public.matches (id, match_date, date_label, time_et, home_label, away_label, home_team_id, away_team_id, group_letter, stage, venue) values (102, '2026-07-15', 'Miércoles 15 jul', '19:00', 'Ganador P99', 'Ganador P100', null, null, null, 'semi', 'Estadio Atlanta') on conflict (id) do update set match_date = excluded.match_date, date_label = excluded.date_label, time_et = excluded.time_et, home_label = excluded.home_label, away_label = excluded.away_label, home_team_id = excluded.home_team_id, away_team_id = excluded.away_team_id, group_letter = excluded.group_letter, stage = excluded.stage, venue = excluded.venue;
insert into public.matches (id, match_date, date_label, time_et, home_label, away_label, home_team_id, away_team_id, group_letter, stage, venue) values (103, '2026-07-18', 'Sábado 18 jul', '20:00', 'Perdedor P101', 'Perdedor P102', null, null, null, 'third', 'Estadio Miami') on conflict (id) do update set match_date = excluded.match_date, date_label = excluded.date_label, time_et = excluded.time_et, home_label = excluded.home_label, away_label = excluded.away_label, home_team_id = excluded.home_team_id, away_team_id = excluded.away_team_id, group_letter = excluded.group_letter, stage = excluded.stage, venue = excluded.venue;
insert into public.matches (id, match_date, date_label, time_et, home_label, away_label, home_team_id, away_team_id, group_letter, stage, venue) values (104, '2026-07-19', 'Domingo 19 jul', '18:00', 'Ganador P101', 'Ganador P102', null, null, null, 'final', 'Estadio Nueva York Nueva Jersey') on conflict (id) do update set match_date = excluded.match_date, date_label = excluded.date_label, time_et = excluded.time_et, home_label = excluded.home_label, away_label = excluded.away_label, home_team_id = excluded.home_team_id, away_team_id = excluded.away_team_id, group_letter = excluded.group_letter, stage = excluded.stage, venue = excluded.venue;
